{"cameraMode":{"drawMode":0,"name":"Shaded","section":"Shading Mode"},"sceneLighting":false,"audioPlay":false,"sceneViewState":{"m_AlwaysRefresh":false,"showFog":false,"showSkybox":false,"showFlares":false,"showImageEffects":false,"showParticleSystems":false,"showVisualEffectGraphs":true,"m_FxEnabled":true},"in2DMode":false,"pivot":{"x":0.0009350776672363281,"y":0.9996799826622009,"z":0.023280560970306398},"rotation":{"x":-0.2409321814775467,"y":0.4672432541847229,"z":-0.13400906324386598,"w":-0.8400503993034363},"size":1.8084111213684083,"orthographic":false}